{
  "0": {
    "precision": 0.8524923702950152,
    "recall": 0.8096618357487922,
    "f1-score": 0.8305252725470763,
    "support": 1035.0
  },
  "1": {
    "precision": 0.5375586854460094,
    "recall": 0.6122994652406417,
    "f1-score": 0.5725,
    "support": 374.0
  },
  "accuracy": 0.7572746628814763,
  "macro avg": {
    "precision": 0.6950255278705123,
    "recall": 0.7109806504947169,
    "f1-score": 0.7015126362735382,
    "support": 1409.0
  },
  "weighted avg": {
    "precision": 0.7688974816267907,
    "recall": 0.7572746628814763,
    "f1-score": 0.7620359525097401,
    "support": 1409.0
  }
}