{
  "0": {
    "precision": 0.8642857142857143,
    "recall": 0.8183574879227054,
    "f1-score": 0.8406947890818859,
    "support": 1035.0
  },
  "1": {
    "precision": 0.5617715617715617,
    "recall": 0.6443850267379679,
    "f1-score": 0.6002490660024906,
    "support": 374.0
  },
  "accuracy": 0.7721788502484032,
  "macro avg": {
    "precision": 0.713028638028638,
    "recall": 0.7313712573303366,
    "f1-score": 0.7204719275421883,
    "support": 1409.0
  },
  "weighted avg": {
    "precision": 0.7839874225608789,
    "recall": 0.7721788502484032,
    "f1-score": 0.7768717227712444,
    "support": 1409.0
  }
}